{
  "availableToAllPages": true,
  "config": {"registrationRequestItemsPerPage": "10"},
  "global": false,
  "globalEnabled": false,
  "i18nresources": "UltraSourceRegistrationRequestList",
  "imports": [],
  "javascript": "UltraSource-Registration-Request-List",
  "jsEditable": true,
  "minWidth": 1,
  "source": 101,
  "translations": [{
    "language": "en",
    "name": "UltraSourceRegistrationRequestList"
  }],
  "version": 3,
  "widgetFamily": "UltraSourceRegistrationRequestList",
  "widgetType": "UltraSourceRegistrationRequestList"
}