{
  "config": {},
  "defaultLayout": "customerSummaryDefaultLayout",
  "global": false,
  "globalEnabled": false,
  "i18nresources": "customersummary",
  "imports": [],
  "javascript": "customer-summary",
  "jsEditable": false,
  "minWidth": 1,
  "pageTypes": [
    "agentCustomerDetails",
    "agentAddressBook",
    "agentOrderHistory",
    "agentScheduledOrder",
    "agentAccountContacts",
    "agentAccountDetails",
    "agentOrdersPendingApproval",
    "agentPurchaseList"
  ],
  "source": 100,
  "translations": [
    {
      "language": "th",
      "name": "วิดเจ็ตสรุปของลูกค้า"
    },
    {
      "language": "pt_BR",
      "name": "Widget de Resumo do Cliente"
    },
    {
      "language": "zh_CN",
      "name": "\u201c客户摘要\u201d小部件"
    },
    {
      "language": "uk",
      "name": "Віджет зведення за замовниками"
    },
    {
      "language": "bg",
      "name": "Изпълним модул за обобщение за клиента"
    },
    {
      "language": "et",
      "name": "Kliendikokkuvõtte vidin"
    },
    {
      "language": "lv",
      "name": "Klienta kopsavilkuma logrīks"
    },
    {
      "language": "no",
      "name": "Småprogram for kundesammendrag"
    },
    {
      "language": "lt",
      "name": "Informacijos apie klientą valdiklis"
    },
    {
      "language": "fr_CA",
      "name": "Widget Sommaire de client"
    },
    {
      "language": "ro",
      "name": "Widget sumar client"
    },
    {
      "language": "ja",
      "name": "「顧客要約」ウィジェット"
    },
    {
      "language": "sl",
      "name": "Pripomoček za povzetek kupca"
    },
    {
      "language": "ru",
      "name": "Виджет \"Сводка заказчика\""
    },
    {
      "language": "hr",
      "name": "Widget za sažetak kupca"
    },
    {
      "language": "tr",
      "name": "Müşteri Özeti Küçük Uygulaması"
    },
    {
      "language": "pl",
      "name": "Widżet podsumowania klienta"
    },
    {
      "language": "zh_TW",
      "name": "客戶摘要小工具"
    },
    {
      "language": "ko",
      "name": "고객 요약 위젯"
    },
    {
      "language": "cs",
      "name": "Shrnutí zákazníka - doplněk"
    },
    {
      "language": "hu",
      "name": "Ügyfél összesítése - Vezérlő"
    },
    {
      "language": "el",
      "name": "Widget σύνοψης πελατών"
    },
    {
      "language": "da",
      "name": "Kundeopsummering (widget)"
    },
    {
      "language": "en",
      "name": "Customer Summary Widget"
    },
    {
      "language": "sr",
      "name": "Виџет резимеа купаца"
    },
    {
      "language": "ar",
      "name": "عنصر واجهة المستخدم لإجمالي العميل"
    },
    {
      "language": "de",
      "name": "Widget für Kundenübersicht"
    },
    {
      "language": "sr_Latn",
      "name": "Vidžet rezimea kupaca"
    },
    {
      "language": "es",
      "name": "Widget de resumen de cliente"
    },
    {
      "language": "ca",
      "name": "Giny de resum de client"
    },
    {
      "language": "fr",
      "name": "Widget Récapitulatif des clients"
    },
    {
      "language": "id",
      "name": "Widget Rangkuman Pelanggan"
    },
    {
      "language": "it",
      "name": "Widget riepilogo cliente"
    },
    {
      "language": "ms",
      "name": "Widget Ringkasan Pelanggan"
    },
    {
      "language": "en_GB",
      "name": "Customer Summary Widget"
    },
    {
      "language": "vi",
      "name": "Tiện ích nhỏ tổng hợp khách hàng"
    },
    {
      "language": "nl",
      "name": "Widget Klantoverzicht"
    },
    {
      "language": "sv",
      "name": "Kundöversikt, widget"
    },
    {
      "language": "pt",
      "name": "Widget de Resumo do Cliente"
    },
    {
      "language": "fi",
      "name": "Asiakasyhteenveto-widget"
    }
  ],
  "version": 3,
  "widgetFamily": "customerSummary",
  "widgetType": "customerSummary"
}