{
  "config": {"displaySWM": "true"},
  "global": false,
  "globalEnabled": false,
  "i18nresources": "ultrasourceProfile",
  "imports": [],
  "javascript": "ultrasource-profile",
  "jsEditable": true,
  "minWidth": 1,
  "pageTypes": ["profile"],
  "source": 101,
  "translations": [
    {
      "language": "th",
      "name": "รายละเอียดบัญชี"
    },
    {
      "language": "pt_BR",
      "name": "Detalhes da Conta"
    },
    {
      "language": "zh_CN",
      "name": "账户详细信息"
    },
    {
      "language": "uk",
      "name": "Дані облікового запису"
    },
    {
      "language": "bg",
      "name": "Детайли за акаунт"
    },
    {
      "language": "et",
      "name": "Konto üksikasjad"
    },
    {
      "language": "lv",
      "name": "Konta dati"
    },
    {
      "language": "no",
      "name": "Kontodetaljer"
    },
    {
      "language": "lt",
      "name": "Paskyros informacija"
    },
    {
      "language": "fr_CA",
      "name": "Détails du compte"
    },
    {
      "language": "ro",
      "name": "Detalii cont"
    },
    {
      "language": "ja",
      "name": "アカウント詳細"
    },
    {
      "language": "sl",
      "name": "Podrobnosti računa"
    },
    {
      "language": "ru",
      "name": "Сведения об аккаунте"
    },
    {
      "language": "hr",
      "name": "Pojedinosti računa"
    },
    {
      "language": "tr",
      "name": "Hesap Detayları"
    },
    {
      "language": "pl",
      "name": "Szczegóły podmiotu"
    },
    {
      "language": "zh_TW",
      "name": "帳戶詳細資料"
    },
    {
      "language": "ko",
      "name": "계정 세부정보"
    },
    {
      "language": "cs",
      "name": "Detaily účtu"
    },
    {
      "language": "hu",
      "name": "Fiók adatai"
    },
    {
      "language": "el",
      "name": "Λεπτ. λογαριασμού"
    },
    {
      "language": "da",
      "name": "Kontodetaljer"
    },
    {
      "language": "en",
      "name": "ultrasourceProfile"
    },
    {
      "language": "sr",
      "name": "Детаљи налога"
    },
    {
      "language": "ar",
      "name": "تفاصيل الحساب"
    },
    {
      "language": "de",
      "name": "Accountdetails"
    },
    {
      "language": "sr_Latn",
      "name": "Detalji naloga"
    },
    {
      "language": "es",
      "name": "Detalles de cuenta"
    },
    {
      "language": "ca",
      "name": "Detalls de compte"
    },
    {
      "language": "fr",
      "name": "Détails du compte"
    },
    {
      "language": "id",
      "name": "Detail Akun"
    },
    {
      "language": "it",
      "name": "Dettagli account"
    },
    {
      "language": "ms",
      "name": "Butiran Akaun"
    },
    {
      "language": "en_GB",
      "name": "Account Details"
    },
    {
      "language": "vi",
      "name": "Chi tiết tài khoản"
    },
    {
      "language": "nl",
      "name": "Accountdetails"
    },
    {
      "language": "sv",
      "name": "Kontodetaljer"
    },
    {
      "language": "pt",
      "name": "Detalhes da Conta"
    },
    {
      "language": "fi",
      "name": "Tilitiedot"
    }
  ],
  "version": 5,
  "widgetFamily": "ultrasourceProfile",
  "widgetType": "ultrasourceProfile"
}