{
  "config": {
    "isStorePickupEnabled": false,
    "noOfStoresToDisplay": "10"
  },
  "global": false,
  "globalEnabled": false,
  "i18nresources": "ultrasourceShippingOptions",
  "imports": [
    "order",
    "shippingCountriesPriceListGroup",
    "shippingCountries",
    "billingCountries",
    "defaultShippingCountry",
    "defaultBillingCountry",
    "shippingmethods"
  ],
  "javascript": "ultrasource-shipping-options",
  "jsEditable": true,
  "minWidth": 1,
  "pageTypes": ["checkout"],
  "source": 101,
  "translations": [{
    "language": "en",
    "name": "UltraSource Shipping Options"
  }],
  "version": 1,
  "widgetFamily": "ultrasourceShippingOptions",
  "widgetType": "ultrasourceShippingOptions"
}