{
  "config": {},
  "defaultLayout": "UltraSourceAccountAddressBook_v8_lyt1",
  "global": false,
  "globalEnabled": false,
  "i18nresources": "UltraSourceAccountAddressBook",
  "imports": ["shippingCountries"],
  "javascript": "UltraSourceAccountAddressBook",
  "jsEditable": true,
  "minWidth": 1,
  "pageTypes": [
    "profile",
    "agentAddressBook"
  ],
  "source": 101,
  "translations": [{
    "language": "en",
    "name": "UltraSourceAccountAddressBook"
  }],
  "version": 8,
  "widgetFamily": "UltraSourceAccountAddressBook",
  "widgetType": "UltraSourceAccountAddressBook"
}