{
  "config": {
    "isStorePickupEnabled": false,
    "noOfStoresToDisplay": "10"
  },
  "global": false,
  "globalEnabled": false,
  "i18nresources": "ultrasourcesaveCreditCard",
  "imports": [],
  "javascript": "ultrasource-saveCard",
  "javascriptExtension": "extendsaveCreditCardWidget_v1.js",
  "jsEditable": true,
  "minWidth": 1,
  "pageTypes": ["article"],
  "source": 101,
  "translations": [{
    "language": "en",
    "name": "UltraSource Save Card"
  }],
  "version": 1,
  "widgetFamily": "saveCreditCardWidget",
  "widgetType": "saveCreditCardWidget"
}