{
  "config": {},
  "defaultLayout": "customerSummaryDefaultLayout",
  "global": false,
  "globalEnabled": false,
  "i18nresources": "ultrasourcecustomersummary",
  "imports": [],
  "javascript": "ultrasource-customer-summary",
  "jsEditable": true,
  "minWidth": 1,
  "pageTypes": [
    "agentCustomerDetails",
    "agentAddressBook",
    "agentOrderHistory",
    "agentScheduledOrder",
    "agentAccountContacts",
    "agentAccountDetails",
    "agentOrdersPendingApproval",
    "agentPurchaseList"
  ],
  "source": 100,
  "translations": [
    {
      "language": "en",
      "name": "UltraSource Customer Summary"
    },
    {
      "language": "en_GB",
      "name": "UltraSource Customer Summary"
    }
  ],
  "version": 3,
  "widgetFamily": "ultraSourceCustomerSummary",
  "widgetType": "ultraSourceCustomerSummary"
}