{
  "config": {
    "isStorePickupEnabled": false,
    "noOfStoresToDisplay": "10"
  },
  "global": false,
  "globalEnabled": false,
  "i18nresources": "UltraSourceContactForm",
  "imports": [],
  "javascript": "UltraSourceContactForm",
  "jsEditable": true,
  "minWidth": 1,
  "pageTypes": ["article"],
  "source": 101,
  "translations": [{
    "language": "en",
    "name": "UltraSource Contact Form"
  }],
  "version": 1,
  "widgetFamily": "UltraSourceContactForm",
  "widgetType": "UltraSourceContactForm"
}